id,datetime,status
1,2001-03-26T18:26:28,5
2,1980-08-25T08:37:55,3
3,1986-10-20T20:11:42,1
4,1984-02-23T04:06:30,4
5,2019-03-11T22:16:10,3
6,1995-08-14T15:19:36,3
7,1984-12-27T10:54:38,1
8,2001-07-19T01:29:49,2
9,1984-08-11T09:34:38,5
10,2004-12-30T00:14:17,4
11,1970-01-11T11:00:20,2
12,1974-01-22T00:38:21,3
13,2022-04-25T02:51:43,3
14,1998-03-28T22:05:01,4
15,1976-02-18T00:15:36,1
16,1971-12-06T15:37:31,5
17,2007-01-27T00:14:06,3
18,2015-08-13T21:24:23,1
19,2017-09-14T06:19:30,2
20,2021-10-16T10:13:53,5
21,1986-12-15T08:01:40,2
22,1974-10-15T17:09:58,3
23,2002-07-31T22:43:31,5
24,1974-07-23T09:15:10,3
25,2002-11-17T05:12:46,1
26,1996-08-22T02:10:03,4
27,1986-02-26T13:56:57,5
28,2003-10-20T03:54:41,1
29,2015-03-12T19:48:43,1
30,2004-02-16T23:01:24,5
31,1989-12-12T18:37:42,2
32,1979-09-04T11:35:47,4
33,1971-12-18T08:16:36,3
34,1997-10-06T19:23:53,3
35,1975-02-12T15:03:09,1
36,2000-11-25T10:31:32,5
37,2021-11-28T11:16:10,4
38,2000-06-10T11:04:13,2
39,1970-02-01T10:02:05,3
40,1976-10-06T12:01:05,5
41,1983-01-08T12:55:16,1
42,1976-07-30T12:11:33,1
43,2009-06-11T12:54:17,5
44,1980-10-15T10:00:52,5
45,1992-08-24T22:33:45,5
46,1975-02-23T06:42:42,2
47,1995-06-11T11:09:09,2
48,2003-12-24T15:27:31,2
49,2014-04-20T03:02:54,4
50,2002-07-09T02:23:19,1
51,1990-03-13T19:49:22,5
52,2020-06-08T17:24:30,2
53,1997-10-15T05:11:08,4
54,1984-11-01T16:34:58,4
55,1991-03-10T18:35:27,5
56,2019-07-02T23:59:15,4
57,2009-08-14T09:10:50,4
58,2021-10-30T02:24:33,2
59,2018-01-25T07:44:33,4
60,1989-07-11T08:23:23,1
61,1983-01-13T05:43:36,4
62,2014-04-18T14:11:30,5
63,2015-07-19T11:05:04,4
64,2003-11-26T07:50:44,1
65,2014-09-25T07:31:18,5
66,2000-05-26T19:36:12,2
67,2013-11-02T04:02:47,5
68,2004-05-06T21:33:33,1
69,2004-06-10T20:08:42,4
70,2013-04-17T07:01:42,3
71,1996-04-13T14:23:51,5
72,2018-11-13T10:26:32,4
73,2003-07-12T22:08:44,4
74,2013-10-07T20:08:02,4
75,1987-05-26T13:24:35,3
76,2011-08-09T11:05:42,4
77,2003-08-18T04:57:32,2
78,1979-08-24T19:29:29,1
79,1981-09-09T12:02:45,5
80,1982-12-13T10:51:20,3
81,2017-12-31T15:32:29,4
82,2021-11-26T22:32:42,5
83,1995-09-15T18:13:58,5
84,2021-09-13T02:43:30,3
85,2004-12-22T14:23:23,5
86,1970-03-16T06:52:43,1
87,2008-06-21T16:30:12,3
88,2019-11-04T03:33:56,3
89,1986-02-28T03:27:59,5
90,1979-12-14T22:43:55,2
91,2000-05-03T14:48:09,3
92,1996-02-14T02:26:09,2
93,1970-01-27T07:39:13,4
94,1978-11-10T01:25:13,2
95,2019-12-26T19:00:36,5
96,1971-05-07T14:32:00,3
97,2018-12-29T19:32:48,5
98,2002-07-01T10:23:05,5
99,1999-01-22T18:06:02,4
100,2008-09-29T11:46:13,4
101,1970-08-10T13:39:45,3
102,2017-04-22T17:47:56,5
103,2022-05-20T14:39:56,4
104,2005-01-27T06:28:41,3
105,1973-09-12T22:06:45,3
106,1997-02-06T12:03:36,2
107,1977-08-22T02:12:32,5
108,2007-05-18T01:31:31,4
109,1994-02-04T03:30:56,4
110,1975-09-27T16:06:04,2
111,1992-11-01T09:30:38,3
112,2004-09-05T01:08:51,2
113,1984-04-30T02:37:09,3
114,2011-09-06T22:31:21,3
115,2012-01-18T17:17:01,4
116,1976-03-15T07:35:50,3
117,2017-06-15T10:15:07,4
118,1992-01-10T08:52:45,2
119,2019-03-17T04:16:03,4
120,1970-02-18T09:29:03,3
121,2016-05-31T00:36:57,2
122,1998-03-25T03:04:19,1
123,1982-05-12T00:28:26,1
124,1982-07-26T02:26:08,2
125,2007-01-14T03:49:11,4
126,2010-07-22T11:32:43,1
127,1988-06-21T15:29:10,2
128,2010-11-11T09:42:43,1
129,2013-05-09T23:10:14,5
130,1975-03-20T16:14:34,2
131,2012-11-20T21:20:28,3
132,1997-05-05T06:59:30,1
133,1992-06-12T13:48:03,5
134,2010-03-10T08:59:11,2
135,1996-07-29T03:40:57,4
136,1975-05-11T04:08:04,3
137,1999-06-15T01:09:14,2
138,2015-11-01T01:19:07,1
139,1999-06-19T04:24:31,1
140,1986-02-08T19:19:30,5
141,2015-03-08T05:23:22,2
142,1998-09-20T16:19:17,1
143,1997-12-02T06:28:22,4
144,1974-10-13T03:18:55,4
145,1976-08-10T18:56:30,4
146,1998-12-03T02:22:12,5
147,2009-10-06T10:20:52,3
148,2009-08-29T15:34:47,4
149,2003-12-29T05:00:34,3
150,2006-04-22T00:38:07,4
151,1980-06-06T13:37:08,3
152,1979-03-29T00:17:42,3
153,1973-12-19T03:47:29,5
154,1979-04-28T12:21:44,4
155,2021-09-16T21:01:26,2
156,1991-07-20T17:44:18,3
157,1981-03-09T22:41:44,1
158,2022-04-30T01:30:18,1
159,2002-07-26T04:18:25,4
160,2020-08-17T05:03:19,4
161,2018-12-11T06:36:45,5
162,1987-05-23T05:44:11,1
163,2004-06-16T07:07:40,2
164,2016-02-25T09:21:15,4
165,2014-04-25T08:44:16,2
166,1971-11-12T15:14:03,3
167,1994-10-19T10:05:04,3
168,1971-04-30T23:07:37,3
169,1973-12-01T16:02:01,4
170,2018-11-15T08:03:02,2
171,2017-11-07T09:49:41,3
172,2017-08-14T01:45:48,3
173,2004-02-29T05:44:12,5
174,2019-09-09T11:37:15,2
175,2020-11-23T05:52:46,1
176,1984-01-23T13:34:49,4
177,2002-04-02T17:05:40,3
178,2001-05-20T19:34:26,4
179,1991-10-31T06:10:50,3
180,2000-10-01T08:18:12,1
181,1994-09-06T22:46:27,1
182,2010-06-30T14:50:11,3
183,2009-10-06T22:14:05,1
184,1986-02-21T08:33:16,4
185,2008-08-02T15:54:20,4
186,1974-10-09T15:53:11,4
187,1987-10-06T05:42:25,1
188,2017-02-06T07:57:54,5
189,1977-08-23T20:52:23,3
190,1979-05-11T21:57:05,1
191,2013-01-29T07:28:54,1
192,1978-07-05T15:32:24,2
193,1992-05-04T19:00:43,5
194,1982-04-03T02:13:35,1
195,1994-04-20T21:27:50,3
196,2007-04-23T01:45:08,1
197,2018-03-03T20:37:40,3
198,1991-12-27T05:46:00,5
199,2009-05-18T00:36:03,5
200,2008-09-06T01:16:16,2
201,1972-01-08T04:47:27,1
202,1984-06-05T14:53:57,1
203,2003-10-26T14:32:13,3
204,1979-05-03T05:18:08,1
205,2020-08-02T04:27:18,3
206,1976-10-28T14:42:34,4
207,1974-06-19T06:03:20,3
208,2007-04-11T02:59:35,2
209,1971-03-19T23:47:55,5
210,2011-09-08T04:08:44,2
211,2013-11-26T08:02:23,4
212,1976-03-26T05:10:43,5
213,2022-03-30T09:19:02,2
214,1990-12-06T02:52:50,2
215,2016-03-07T02:44:17,1
216,1973-03-14T13:19:58,2
217,2018-04-03T03:29:10,1
218,2022-03-16T05:06:08,3
219,2001-03-20T03:03:34,5
220,1973-11-13T03:51:12,2
221,1984-03-22T00:39:27,5
222,2006-02-26T14:56:15,2
223,2016-05-22T17:58:07,3
224,1985-06-06T23:36:03,5
225,1986-08-13T01:49:46,1
226,2005-10-24T08:13:10,3
227,2014-09-03T13:36:13,4
228,1987-06-17T04:50:29,2
229,2009-03-02T08:37:21,5
230,1972-04-26T07:29:59,2
231,1989-02-09T11:15:19,5
232,1993-10-11T10:02:45,1
233,2007-05-05T15:59:22,1
234,2007-10-03T20:25:05,1
235,2013-07-03T15:14:47,1
236,2003-03-28T06:43:45,4
237,2001-03-02T02:13:21,3
238,2020-05-11T10:38:25,4
239,1975-04-21T04:32:04,1
240,2017-04-06T05:16:47,5
241,1996-06-16T09:52:59,3
242,2014-09-14T10:26:52,4
243,2016-12-15T07:35:15,3
244,2005-04-24T10:45:02,3
245,1992-07-09T04:59:31,5
246,1973-02-10T06:07:56,4
247,1994-08-31T15:28:12,2
248,1987-10-05T16:38:27,4
249,1979-11-29T08:50:21,3
250,1985-10-24T00:06:42,3
251,1989-04-03T02:17:05,3
252,2006-06-03T19:48:51,4
253,2022-01-04T22:03:56,1
254,1995-05-20T23:44:30,4
255,1990-05-01T16:10:53,5
256,2010-01-01T14:13:06,3
257,2019-10-16T09:08:55,1
258,1997-04-20T08:48:34,5
259,2006-02-11T09:22:12,3
260,1995-12-24T16:20:00,2
261,2008-03-24T05:24:03,5
262,2005-06-17T05:25:26,1
263,1984-03-13T12:35:40,1
264,2021-11-05T08:23:40,5
265,1988-07-24T01:33:07,2
266,2011-03-21T14:50:37,2
267,1970-11-17T07:18:17,1
268,1970-12-10T05:33:30,3
269,2010-03-09T02:13:11,3
270,1970-06-11T03:37:11,4
271,1977-04-19T11:10:41,2
272,2021-08-05T10:35:25,4
273,2008-06-02T07:23:25,2
274,2010-01-31T04:06:42,1
275,2008-04-07T11:15:31,3
276,2008-05-02T18:01:48,5
277,2010-05-19T02:08:03,2
278,2014-10-29T12:12:57,5
279,2006-10-26T15:40:17,1
280,2017-06-17T22:57:47,4
281,2022-04-17T03:14:00,2
282,2017-05-23T06:10:20,1
283,1980-08-28T12:35:22,1
284,1981-12-12T20:30:07,4
285,1992-01-20T06:14:10,3
286,2002-10-11T03:22:59,3
287,1972-04-12T00:33:35,2
288,2005-11-28T22:10:23,4
289,1988-04-19T11:41:54,5
290,2016-03-18T04:22:19,4
291,1974-02-10T14:30:31,4
292,1992-03-22T17:57:49,5
293,1989-12-11T18:36:50,3
294,2017-07-19T18:39:52,4
295,1980-08-10T05:17:13,5
296,2004-07-23T17:42:35,5
297,1975-07-27T14:43:54,3
298,2003-05-20T07:09:20,3
299,1993-03-18T15:23:36,4
300,2003-11-12T02:03:09,2
301,1987-02-21T18:16:38,5
302,2012-05-18T06:57:03,2
303,1971-12-25T23:20:54,2
304,1975-08-06T19:06:11,2
305,1971-02-25T13:44:36,5
306,1982-05-30T23:00:49,3
307,1991-10-05T22:00:37,1
308,2001-04-07T00:25:07,1
309,1993-01-31T13:25:30,4
310,2021-10-14T19:50:05,2
311,2010-11-21T05:41:20,3
312,2006-03-19T02:17:35,2
313,2012-11-19T14:59:09,1
314,1992-01-27T10:56:54,3
315,2012-06-24T05:41:35,5
316,2011-04-18T11:37:16,2
317,2021-05-18T16:59:43,4
318,1972-11-08T00:07:48,2
319,1993-12-05T03:02:49,5
320,2019-03-26T16:47:04,3
321,1989-11-13T00:39:43,4
322,2008-05-21T00:48:44,3
323,1999-08-05T06:59:30,5
324,1991-07-11T15:27:44,3
325,1983-02-04T06:11:04,4
326,2012-11-18T13:01:03,4
327,2007-07-11T00:04:25,4
328,2013-11-28T23:01:47,2
329,2016-05-08T02:31:36,4
330,2003-05-27T17:45:40,5
331,2011-08-15T23:39:07,4
332,2000-05-31T02:30:23,4
333,2020-12-08T03:57:55,4
334,1990-06-28T17:52:11,2
335,1976-11-25T15:08:14,5
336,1976-06-21T15:00:49,3
337,1970-06-17T05:10:16,5
338,2015-05-15T16:57:52,2
339,1988-10-20T22:57:17,1
340,2003-10-04T17:01:29,5
341,2001-04-15T14:50:31,1
342,1987-09-26T19:52:40,4
343,1984-12-16T09:34:43,3
344,2018-06-05T14:46:09,5
345,2010-11-10T19:09:19,2
346,1976-09-22T17:32:42,2
347,2006-07-02T06:54:01,4
348,2017-01-08T15:23:43,5
349,2022-03-22T03:25:23,4
350,2013-06-23T23:32:16,5
351,2022-01-17T15:39:45,3
352,2000-08-12T18:16:22,3
353,2001-06-10T00:55:46,4
354,2001-07-27T09:52:55,4
355,1995-01-24T22:33:25,3
356,1982-01-17T21:56:17,5
357,1976-07-12T16:49:35,3
358,2017-05-13T13:50:40,2
359,2015-02-07T18:49:19,4
360,2003-07-03T05:09:15,4
361,2000-05-23T20:24:48,5
362,2011-09-27T20:58:40,5
363,1998-09-07T02:49:23,5
364,1988-08-10T07:40:09,1
365,1974-10-26T11:13:03,1
366,2014-12-17T11:06:09,2
367,2008-09-01T13:22:52,3
368,2012-03-07T19:17:00,2
369,1973-04-25T09:55:14,1
370,2002-03-04T20:24:31,1
371,2012-09-19T10:21:53,3
372,1974-09-12T02:33:17,5
373,1996-05-07T03:10:12,2
374,1971-10-15T04:42:20,4
375,2007-03-07T17:05:46,4
376,1985-07-22T05:22:55,1
377,1991-04-28T23:57:21,3
378,2001-03-26T08:31:10,3
379,2003-06-07T22:55:10,2
380,1997-11-08T12:25:07,2
381,1976-01-25T14:01:43,5
382,1971-01-05T19:06:48,2
383,1986-02-24T03:52:34,1
384,2004-07-30T02:20:02,1
385,1987-09-08T12:06:28,3
386,2016-12-11T17:49:24,5
387,1970-04-11T10:01:00,2
388,1990-01-18T03:57:33,2
389,2009-10-29T01:11:31,5
390,2000-05-29T04:31:58,1
391,2015-06-20T20:20:48,4
392,1995-06-13T01:37:08,1
393,1991-09-13T18:06:27,3
394,1990-11-06T23:19:58,3
395,1991-01-12T02:20:57,1
396,1983-04-18T21:14:57,1
397,1974-11-11T20:43:00,4
398,1993-07-01T08:24:40,2
399,1994-12-04T17:04:36,3
400,2013-10-27T16:17:01,3
401,2018-11-06T20:05:26,5
402,2009-08-20T04:56:00,3
403,1997-05-15T18:32:41,4
404,1979-02-20T14:46:10,3
405,2010-12-21T10:34:39,5
406,2006-09-07T23:27:04,1
407,1988-03-23T11:26:00,4
408,1983-04-28T14:04:08,1
409,2003-12-27T21:46:38,3
410,1975-12-28T21:42:09,5
411,1976-02-03T05:18:16,5
412,2010-10-15T11:53:03,4
413,1979-11-04T04:30:57,3
414,1971-08-17T22:48:41,1
415,2012-09-20T06:46:32,4
416,1994-09-26T08:04:36,3
417,1983-07-26T00:55:54,4
418,1986-01-02T23:45:23,2
419,1998-05-13T16:19:59,4
420,2022-05-09T09:47:18,1
421,1990-10-20T06:51:51,1
422,1979-05-07T09:16:45,5
423,1988-01-20T05:10:06,5
424,2008-12-07T00:25:26,1
425,2007-11-12T14:37:52,3
426,2017-09-03T05:58:10,2
427,2015-08-20T00:23:38,5
428,2017-11-07T22:51:43,5
429,1985-01-29T13:28:46,4
430,2019-02-14T06:30:08,2
431,2021-01-26T08:18:02,2
432,2002-05-12T21:53:33,5
433,1987-01-26T19:38:49,5
434,2012-03-24T02:49:56,1
435,1990-12-18T23:23:47,1
436,1991-09-12T08:15:23,2
437,1981-08-09T05:25:54,1
438,2002-05-15T05:18:51,4
439,2021-06-28T18:35:04,5
440,1981-08-02T02:02:17,1
441,2005-03-20T20:35:03,2
442,1995-04-12T05:30:20,4
443,1983-09-20T01:29:04,3
444,2000-02-18T16:52:57,3
445,2005-07-28T12:19:48,2
446,1978-09-19T02:47:07,3
447,2006-10-16T16:20:24,1
448,1986-08-22T06:14:48,4
449,2002-08-11T08:49:19,1
450,2010-09-20T01:06:02,1
451,1974-08-15T00:12:13,5
452,2020-04-10T04:10:03,3
453,2000-05-01T01:22:17,2
454,1998-08-04T09:49:54,3
455,2020-06-06T04:06:33,1
456,2003-06-05T05:47:15,3
457,1980-08-22T21:41:28,4
458,2020-12-14T16:38:43,4
459,1988-10-29T03:43:01,4
460,1977-10-18T09:40:56,4
461,1989-02-14T22:56:06,5
462,2014-04-13T15:22:22,4
463,2022-01-22T01:18:02,3
464,1995-12-12T12:14:57,1
465,2000-07-06T23:39:53,1
466,1972-02-23T16:37:19,5
467,1991-08-06T02:34:37,4
468,2003-09-18T12:53:36,2
469,1985-12-08T00:36:01,1
470,2006-08-30T20:12:58,5
471,1974-06-29T14:00:53,1
472,2008-12-05T14:02:31,3
473,2007-02-05T04:30:40,3
474,1970-06-03T05:48:55,2
475,1994-04-25T21:39:35,4
476,1994-08-29T08:21:41,3
477,2000-10-06T12:52:54,5
478,2008-04-16T23:54:31,3
479,1991-02-13T01:31:17,4
480,1980-08-01T00:32:41,2
481,1972-11-20T20:01:59,4
482,1978-03-22T05:20:24,4
483,1997-04-26T06:59:25,4
484,2019-12-26T13:44:25,1
485,1972-09-17T14:40:28,3
486,1978-09-21T19:27:20,3
487,1973-08-08T03:54:14,4
488,1971-06-20T20:01:27,5
489,2003-07-15T12:02:49,4
490,2002-07-02T17:03:24,5
491,2002-11-07T22:03:44,3
492,1987-01-16T04:11:25,2
493,1971-09-24T00:56:32,1
494,1981-12-13T00:10:57,3
495,1973-11-06T11:07:50,1
496,2002-12-04T15:57:59,4
497,1973-02-09T03:03:43,5
498,2012-03-20T13:48:49,5
499,2016-01-03T01:07:27,3
500,1970-09-07T19:23:07,1
501,1987-01-23T00:53:04,3
502,1985-12-24T20:37:04,3
503,1980-09-14T01:02:49,5
504,1986-08-17T10:56:53,1
505,2000-04-13T12:27:57,3
506,1989-12-31T13:38:02,4
507,1988-02-02T02:09:31,3
508,1972-05-17T17:42:05,5
509,1978-08-30T07:20:26,4
510,1974-05-22T21:01:09,2
511,1989-02-06T00:40:00,1
512,2009-07-20T01:27:47,5
513,1984-11-25T06:46:07,4
514,1987-04-24T11:10:49,1
515,1994-07-18T13:18:03,4
516,1982-03-06T10:07:50,4
517,2021-08-29T08:58:47,3
518,2005-09-09T13:09:04,1
519,1999-09-28T22:54:23,5
520,1982-08-30T22:01:10,2
521,2009-09-25T06:23:52,2
522,1993-06-20T22:08:03,4
523,1993-07-11T04:07:55,5
524,2015-05-30T10:08:41,4
525,2009-11-09T14:03:52,3
526,2021-01-30T17:14:35,5
527,2005-11-14T13:11:48,2
528,1987-02-24T00:27:33,1
529,1983-02-14T16:40:35,1
530,2003-08-31T07:25:16,3
531,2006-08-13T20:00:07,5
532,2005-11-05T06:03:56,1
533,2000-12-01T10:33:56,4
534,1996-02-10T14:54:38,2
535,1999-12-23T11:44:58,2
536,1997-05-02T04:56:36,2
537,1980-06-03T13:55:16,4
538,1983-07-28T06:10:15,2
539,2004-06-13T14:01:18,5
540,2017-06-02T08:36:50,2
541,2012-09-18T20:16:03,5
542,1993-06-22T18:22:07,2
543,2006-08-07T06:52:28,3
544,2000-05-24T10:44:57,5
545,2002-06-20T00:29:27,2
546,1985-12-20T21:55:28,1
547,1976-02-22T12:40:52,3
548,1996-07-12T18:07:03,1
549,2015-06-21T06:59:09,2
550,1975-05-25T04:58:42,1
551,1993-03-15T05:27:10,2
552,2010-04-12T04:05:43,2
553,1978-08-10T17:50:00,5
554,1982-04-08T04:31:38,5
555,2016-09-21T12:46:14,3
556,2019-04-04T06:33:09,3
557,1972-07-16T14:56:01,2
558,1973-06-03T12:35:27,1
559,1992-01-27T03:13:31,4
560,1995-02-06T05:36:44,5
561,1976-05-15T21:13:01,1
562,2009-04-11T16:21:46,3
563,1978-04-18T09:07:34,3
564,2018-01-31T11:22:40,5
565,1976-02-19T05:47:56,4
566,2001-10-10T22:40:19,2
567,2016-08-19T12:02:04,3
568,2013-03-03T12:03:11,5
569,2011-09-04T09:02:51,3
570,1981-09-14T23:19:44,1
571,1991-07-24T21:53:10,2
572,2018-11-17T07:51:11,4
573,2018-04-13T03:30:21,2
574,2004-06-13T08:41:05,4
575,2019-09-19T07:07:13,4
576,2003-11-12T06:49:22,3
577,1990-08-24T05:32:33,1
578,2022-04-02T23:32:14,5
579,2009-03-15T13:37:23,4
580,2011-03-12T10:21:11,4
581,2003-08-23T20:50:37,4
582,2009-01-17T19:50:52,5
583,2014-09-05T20:22:31,5
584,1993-06-13T09:33:53,3
585,2008-11-04T15:18:37,4
586,1995-01-23T15:23:33,1
587,1986-06-01T11:13:02,3
588,2019-10-28T04:54:59,1
589,1998-08-06T22:38:21,4
590,2011-04-29T14:09:18,1
591,1999-12-19T11:45:57,4
592,1976-08-16T06:32:47,2
593,2002-05-20T10:54:17,4
594,1976-05-15T22:02:03,5
595,1988-06-18T13:12:26,4
596,1993-10-21T01:36:11,4
597,1971-05-23T22:17:19,4
598,2003-01-30T20:14:10,2
599,1991-09-05T04:42:27,1
600,1974-05-22T13:02:08,5
601,1985-02-25T03:57:17,1
602,2017-10-12T13:25:04,2
603,1989-01-14T18:32:52,4
604,1981-02-01T20:35:11,1
605,2021-07-01T08:24:58,5
606,2000-10-13T15:42:02,5
607,1981-08-17T04:10:49,5
608,1985-08-24T14:27:31,5
609,2016-07-22T19:28:41,5
610,2008-12-16T21:46:17,4
611,1976-03-26T08:09:28,4
612,1999-07-17T07:02:40,4
613,2012-05-23T13:27:11,1
614,2017-06-09T07:43:17,4
615,2015-12-15T20:45:39,5
616,1979-08-03T04:32:28,3
617,1974-01-21T12:20:39,2
618,2013-02-11T13:30:13,2
619,2011-11-18T01:06:34,5
620,2001-12-05T19:53:17,4
621,2003-04-14T22:16:53,4
622,2021-07-07T07:06:52,4
623,1986-03-31T11:52:18,4
624,1988-09-29T02:53:47,2
625,2004-01-29T16:13:10,3
626,2003-06-07T00:08:01,4
627,1989-08-23T11:52:08,3
628,2014-01-11T07:09:54,1
629,2001-07-11T18:20:21,2
630,1972-03-07T11:42:55,1
631,2011-05-11T09:42:55,2
632,1976-08-06T04:52:08,3
633,1973-10-02T11:50:39,5
634,1975-09-28T15:05:51,4
635,1973-08-06T09:22:43,5
636,1970-11-26T19:26:53,1
637,1978-11-22T02:34:31,1
638,2003-05-21T08:19:44,3
639,1994-12-11T14:41:21,4
640,1997-04-30T07:21:19,4
641,1970-05-13T07:44:21,2
642,1989-02-15T21:19:38,2
643,2002-07-25T16:58:45,1
644,1981-06-24T02:34:55,5
645,2015-07-05T21:41:28,3
646,2013-08-28T15:39:31,1
647,2013-01-29T04:47:40,2
648,2012-04-04T02:49:53,2
649,1987-09-21T09:09:07,3
650,2014-09-08T14:48:18,2
651,1996-05-27T03:05:45,2
652,1984-10-14T06:53:23,1
653,2014-05-23T19:58:02,3
654,2020-05-22T20:02:42,2
655,1988-03-06T10:38:02,5
656,1982-04-25T10:00:28,4
657,1994-01-05T20:54:37,4
658,1973-11-04T14:16:23,2
659,1995-06-25T13:25:21,4
660,1976-05-07T10:07:44,4
661,2019-10-26T20:17:23,4
662,1997-01-08T22:25:38,3
663,1985-06-12T23:11:54,5
664,2004-06-28T06:06:28,1
665,1970-03-13T20:16:59,2
666,1991-10-17T23:23:26,2
667,2008-06-14T12:51:31,1
668,1996-03-14T09:18:50,3
669,1982-04-30T20:07:53,1
670,2004-03-17T21:34:13,3
671,1985-10-25T00:08:32,3
672,2018-04-01T10:49:43,3
673,1974-01-29T04:17:14,1
674,1972-10-22T07:20:19,3
675,2001-03-20T20:36:00,2
676,2010-10-27T19:05:20,1
677,2012-03-07T22:54:00,3
678,1986-05-13T06:07:32,1
679,1974-01-15T19:52:15,3
680,1996-03-19T23:46:50,1
681,1998-09-06T11:17:07,3
682,1974-05-19T04:42:13,3
683,1979-05-23T18:03:22,3
684,2018-05-14T11:24:53,4
685,1992-01-25T06:43:19,4
686,2020-07-03T04:19:34,5
687,1995-03-17T22:03:13,5
688,1982-11-14T04:05:31,2
689,1970-07-06T22:05:08,3
690,1998-06-09T10:00:34,1
691,1972-08-03T10:44:24,3
692,1988-03-16T04:11:33,2
693,2003-10-23T03:37:58,3
694,1991-11-05T08:56:22,5
695,2012-06-29T21:58:52,2
696,1999-01-21T15:11:06,2
697,1986-04-22T01:59:57,3
698,2010-10-29T09:23:32,2
699,1987-10-20T15:29:37,1
700,2006-05-01T20:07:37,4
701,1978-10-29T19:46:45,1
702,2022-02-22T12:43:52,4
703,1971-03-26T06:54:48,3
704,1997-05-19T12:15:27,1
705,1987-05-18T19:07:04,4
706,1971-03-29T06:48:59,1
707,1984-02-09T15:32:44,1
708,2011-10-01T08:58:21,4
709,1986-09-13T08:32:22,5
710,1982-05-13T03:49:27,3
711,1984-05-24T11:17:21,1
712,1976-10-11T10:49:22,4
713,1990-01-12T14:53:00,3
714,2020-07-24T03:01:33,1
715,1988-10-04T06:27:09,2
716,1974-03-27T14:38:13,5
717,1974-01-29T09:11:29,1
718,1991-06-13T00:52:43,3
719,2018-03-30T07:08:14,1
720,1991-06-07T05:30:55,2
721,1990-03-22T10:03:18,2
722,2005-11-09T08:06:33,5
723,1976-04-25T02:16:31,5
724,2013-05-26T20:53:56,2
725,2014-01-10T09:16:34,5
726,2001-12-22T16:39:18,3
727,1974-07-09T04:54:41,5
728,1993-01-10T07:27:17,4
729,2007-08-13T06:56:09,2
730,2012-08-20T09:06:43,1
731,1996-08-16T16:59:35,4
732,2016-09-23T22:32:27,2
733,1972-04-28T10:03:55,4
734,2017-01-21T15:55:43,2
735,1997-08-05T10:42:48,2
736,1997-10-29T01:15:10,2
737,1994-04-11T03:14:07,4
738,1993-09-22T12:17:02,3
739,1990-04-04T05:55:26,4
740,2000-07-02T10:12:18,4
741,2020-02-13T11:13:51,1
742,2015-04-18T06:55:54,4
743,1974-10-31T21:35:43,5
744,2010-08-14T04:02:13,2
745,1993-05-14T11:12:01,2
746,1976-04-11T02:21:14,1
747,2015-08-12T15:55:40,3
748,2022-05-10T17:57:31,5
749,1975-03-17T02:00:53,3
750,2020-02-16T11:28:17,4
751,2008-11-04T08:39:15,2
752,2000-11-19T16:04:06,5
753,1997-06-11T06:47:38,3
754,2001-05-14T10:32:54,5
755,2019-04-29T06:44:22,1
756,1979-09-20T14:21:30,1
757,2008-04-20T01:11:07,2
758,1992-05-17T14:21:09,1
759,2008-12-27T10:09:28,3
760,1996-12-23T03:56:05,3
761,2021-10-10T23:14:06,5
762,2006-03-17T02:15:55,5
763,1985-09-01T20:58:04,1
764,1980-03-14T13:03:50,3
765,2004-12-13T12:06:38,1
766,2000-10-18T21:38:52,5
767,1988-07-27T02:08:07,1
768,2005-06-29T13:04:55,4
769,2006-11-18T08:36:54,3
770,2012-09-05T05:36:03,5
771,1994-12-05T08:21:23,1
772,2021-07-10T03:34:30,4
773,2015-03-21T23:44:03,5
774,1996-03-12T15:06:10,5
775,1985-02-02T05:24:15,4
776,2011-05-03T14:19:30,5
777,2006-03-26T18:00:29,1
778,2014-09-05T01:30:16,4
779,1975-09-12T05:31:06,2
780,2020-06-30T18:39:41,3
781,2000-02-06T07:54:50,4
782,2019-08-04T00:04:00,4
783,2021-11-09T03:17:24,2
784,2022-02-21T00:50:40,5
785,1980-09-14T09:01:46,1
786,1999-10-10T05:17:47,3
787,2004-05-27T07:13:27,1
788,2019-06-08T06:37:46,2
789,2004-03-14T22:08:21,3
790,2018-05-22T06:25:57,3
791,1983-01-04T04:05:07,4
792,1996-07-26T03:06:30,4
793,2014-09-19T04:39:37,4
794,2006-01-14T16:36:29,5
795,2010-07-06T04:51:02,3
796,2012-06-04T22:49:33,1
797,1987-09-13T01:14:34,1
798,2016-08-07T16:55:14,4
799,1984-09-28T13:15:56,1
800,2010-01-28T11:37:32,4
801,1998-06-17T08:33:09,2
802,1979-12-31T04:05:51,4
803,2009-01-25T07:29:11,3
804,1991-07-13T21:52:31,1
805,2019-06-22T03:13:07,1
806,2006-03-27T22:59:35,4
807,1975-07-16T00:58:16,5
808,1998-01-05T06:02:08,2
809,1970-07-30T03:36:52,4
810,1978-02-18T09:56:49,1
811,2008-02-11T02:59:24,4
812,1987-11-01T06:17:50,4
813,2019-05-15T07:25:07,5
814,1970-09-04T06:02:32,3
815,1992-07-17T18:51:58,3
816,2018-04-01T14:16:42,2
817,2010-11-28T04:05:28,2
818,1988-08-26T23:40:30,3
819,2004-01-16T00:53:36,1
820,2009-08-21T05:12:38,4
821,1972-05-18T22:11:38,4
822,1995-07-12T07:13:57,4
823,2007-07-14T01:43:10,1
824,2003-09-09T09:48:19,2
825,1971-08-16T18:15:55,5
826,1987-02-26T01:25:41,5
827,1987-05-29T23:17:19,5
828,2011-03-31T18:14:56,2
829,1973-01-20T11:29:36,4
830,2004-09-27T07:14:57,1
831,2013-06-23T15:48:58,2
832,2022-01-04T05:31:44,3
833,2020-05-04T21:17:22,5
834,2000-12-05T21:47:02,2
835,1989-03-17T23:55:51,4
836,2007-01-16T12:08:52,4
837,1988-12-04T14:54:01,1
838,1971-08-15T04:45:19,5
839,2013-09-28T07:05:02,3
840,1993-05-01T13:34:34,3
841,1978-11-26T11:12:46,5
842,1971-07-11T14:21:17,3
843,2009-07-09T02:09:36,4
844,1987-07-31T02:30:06,5
845,1991-09-19T13:23:56,2
846,1997-03-25T03:35:55,4
847,2014-04-24T18:09:16,2
848,1971-02-18T18:54:22,3
849,2010-05-03T23:40:10,3
850,2001-10-22T23:27:41,2
851,2002-05-15T13:08:27,1
852,1981-05-12T01:04:31,1
853,1997-09-17T01:45:09,1
854,1985-02-23T10:45:57,2
855,1974-07-19T13:04:59,3
856,2013-05-13T16:37:33,2
857,2018-11-09T07:17:34,2
858,2015-01-31T21:32:47,4
859,1975-12-14T05:15:57,1
860,1976-12-08T06:19:05,4
861,1998-11-22T11:51:41,4
862,1971-11-26T10:52:53,2
863,2018-08-14T09:15:44,4
864,2021-12-24T05:20:03,5
865,2011-01-31T20:11:39,3
866,1976-04-05T00:27:34,3
867,2001-03-18T17:18:45,4
868,1997-09-22T21:03:55,4
869,2009-03-11T15:12:05,2
870,2005-06-16T18:27:45,5
871,2008-10-15T07:06:14,2
872,1987-05-20T20:17:48,1
873,1993-09-01T03:04:22,4
874,2000-06-16T09:03:20,5
875,2007-06-06T15:15:18,5
876,1993-05-22T18:39:49,2
877,1994-11-03T23:45:39,5
878,2009-10-09T08:55:22,1
879,1989-12-28T17:26:14,3
880,2013-06-21T03:32:27,2
881,1977-01-23T01:27:49,5
882,2004-09-29T06:02:03,3
883,1991-03-03T15:53:04,3
884,1984-12-03T04:20:11,4
885,1986-01-31T15:45:14,1
886,1978-03-06T09:18:46,2
887,1970-04-25T23:36:49,2
888,2007-02-28T14:19:53,1
889,1970-10-13T11:29:05,1
890,2004-10-07T19:10:02,3
891,2016-02-02T19:58:03,1
892,1986-01-25T17:05:51,3
893,1982-08-16T16:08:10,2
894,1973-03-26T08:13:25,2
895,2015-06-26T23:59:05,2
896,2017-05-28T23:35:09,2
897,1988-04-28T15:37:55,1
898,2020-07-08T06:07:02,3
899,1998-01-14T06:59:07,5
900,1979-04-01T22:26:32,2
901,1986-05-07T07:37:23,1
902,1972-09-14T20:28:59,2
903,2004-01-04T20:18:43,4
904,2010-07-01T08:36:41,1
905,2003-07-05T00:59:42,2
906,2015-12-06T09:47:54,2
907,2000-10-28T21:36:19,2
908,1985-12-11T08:48:29,3
909,1999-09-03T09:32:43,3
910,2002-09-24T21:20:54,2
911,2000-06-15T00:41:08,5
912,1972-05-30T10:57:13,2
913,1994-02-08T13:20:16,5
914,1987-11-03T18:43:24,1
915,1993-08-31T01:37:26,5
916,1983-10-23T20:27:05,1
917,1998-01-30T02:47:08,3
918,2005-02-25T01:13:25,5
919,2001-08-13T09:29:17,2
920,1987-05-22T20:36:55,1
921,2014-03-28T04:09:08,2
922,1982-02-13T13:58:49,1
923,2014-12-30T00:12:15,4
924,2011-10-07T23:42:12,1
925,2017-06-29T19:16:08,3
926,1975-11-12T10:22:19,2
927,2020-05-05T03:40:29,2
928,2002-08-28T01:35:33,4
929,2008-09-03T12:31:00,1
930,2015-03-19T15:21:11,5
931,2004-10-27T00:37:33,1
932,1973-07-29T01:26:13,1
933,1987-09-21T09:26:00,1
934,2002-10-29T11:11:38,4
935,1975-12-23T23:55:39,3
936,2000-11-28T10:39:45,5
937,2008-07-03T22:51:51,1
938,2021-09-20T10:38:05,1
939,1993-08-14T02:06:11,3
940,2009-04-11T08:21:35,1
941,1990-05-16T14:19:20,5
942,2003-06-11T21:25:33,1
943,1996-09-12T15:44:48,1
944,1989-04-01T08:12:32,2
945,2013-07-20T23:02:19,5
946,1983-07-15T05:34:34,1
947,1973-01-04T06:49:03,5
948,1994-08-20T11:08:57,1
949,1986-06-23T03:09:10,1
950,1991-02-23T05:23:05,1
951,1983-10-11T21:04:52,2
952,2011-04-13T19:52:38,3
953,1984-12-04T02:03:38,1
954,1973-04-08T14:40:43,5
955,1981-07-25T05:13:10,4
956,2018-07-03T13:55:06,4
957,2013-11-25T20:06:22,3
958,2004-09-07T01:33:05,4
959,1978-08-31T18:59:28,4
960,1994-05-03T15:13:55,4
961,1971-10-14T08:36:27,5
962,1971-07-09T03:19:05,4
963,2009-05-23T00:19:24,4
964,1974-02-03T04:58:08,5
965,1971-05-20T18:35:18,3
966,1979-07-21T13:30:04,4
967,2015-11-29T14:49:09,2
968,1978-11-13T20:40:32,5
969,1982-02-04T07:47:50,1
970,2008-02-15T20:46:32,2
971,2013-05-25T23:10:25,1
972,1985-09-02T22:50:41,3
973,1973-02-04T18:59:55,3
974,1989-02-25T06:08:52,3
975,1997-05-21T06:25:48,3
976,2021-08-25T11:40:02,5
977,2010-04-28T18:17:25,1
978,2017-07-28T19:46:19,1
979,1994-07-23T14:21:07,2
980,1985-01-15T02:14:21,3
981,2013-03-08T11:32:10,3
982,2011-05-29T10:02:35,4
983,2020-06-07T21:35:26,5
984,2003-10-08T13:47:05,2
985,1996-10-04T01:06:16,3
986,1987-07-07T16:30:17,2
987,1995-06-06T14:17:23,1
988,1976-10-18T06:51:55,1
989,2017-01-06T00:44:04,5
990,1992-07-08T08:55:16,4
991,2007-10-23T09:18:03,2
992,1984-10-06T13:15:06,1
993,1993-07-11T16:17:56,3
994,1989-01-04T19:16:33,3
995,1983-04-29T03:57:21,2
996,1978-11-17T06:37:49,4
997,1985-06-26T08:27:34,2
998,2016-03-22T09:37:02,3
999,1991-07-19T20:53:07,4
