id,amount,datetime,method,order_id,customer_id
1,42.1,1985-09-30T04:25:04,2,1,1
2,12.9,1990-08-07T18:10:50,2,2,2
3,32.8,1999-06-27T10:18:24,1,3,3
4,63.7,1971-04-24T12:50:11,5,4,4
5,41.5,2017-09-25T18:12:45,1,5,5
6,74.4,1995-12-20T04:02:20,4,6,6
7,80.9,2003-05-12T15:42:17,1,7,7
8,83.6,1997-10-30T04:51:04,1,8,8
9,88.6,1977-06-24T14:49:39,5,9,9
10,90.6,1986-10-14T16:35:18,2,10,10
11,9.8,1983-07-25T02:19:57,2,11,11
12,44.9,1984-08-13T17:52:50,3,12,12
13,4.3,2010-11-10T11:38:32,4,13,13
14,27.0,1982-04-21T12:54:58,4,14,14
15,36.9,1995-05-31T01:50:19,4,15,15
16,77.1,1992-11-05T05:13:22,5,16,16
17,15.4,1973-09-02T09:40:45,2,17,17
18,14.9,1988-08-27T16:28:42,4,18,18
19,97.6,2015-04-13T22:46:34,4,19,19
20,92.9,1986-05-16T21:31:09,1,20,20
21,51.3,2013-01-21T00:00:06,5,21,21
22,35.6,1984-10-25T01:13:01,4,22,22
23,37.3,2016-12-22T08:23:22,5,23,23
24,6.3,2014-04-04T04:31:58,4,24,24
25,16.4,1992-05-06T01:14:51,5,25,25
26,2.9,1990-06-25T23:15:15,2,26,26
27,74.3,2017-02-13T07:40:14,5,27,27
28,23.3,1988-07-24T13:32:58,4,28,28
29,91.6,1998-07-23T12:39:44,1,29,29
30,80.8,1992-04-27T18:13:13,3,30,30
31,15.4,2017-10-08T03:18:09,1,31,31
32,48.5,1990-11-01T11:15:22,2,32,32
33,40.2,1975-03-02T07:24:12,5,33,33
34,38.7,2012-06-15T10:07:38,3,34,34
35,98.7,1978-02-12T12:31:31,3,35,35
36,44.5,1987-02-19T18:10:09,4,36,36
37,34.9,1983-04-04T15:59:03,2,37,37
38,3.1,2001-05-07T05:55:14,4,38,38
39,56.3,2018-03-30T20:16:00,3,39,39
40,88.9,2018-10-31T08:20:18,5,40,40
41,78.6,1989-04-13T16:56:48,5,41,41
42,97.8,1991-09-15T23:59:43,4,42,42
43,81.6,1975-02-22T14:29:02,4,43,43
44,44.2,1984-06-30T09:15:24,1,44,44
45,36.4,2003-10-21T03:13:41,5,45,45
46,88.6,2003-11-30T04:31:15,3,46,46
47,1.7,1974-11-25T06:22:02,4,47,47
48,94.9,2011-08-01T16:50:02,4,48,48
49,16.5,2008-12-22T12:45:42,1,49,49
50,3.7,2012-06-09T15:40:29,1,50,50
51,79.0,2002-08-31T06:38:52,5,51,51
52,79.8,1989-04-19T19:04:54,3,52,52
53,85.6,1977-01-18T12:15:32,3,53,53
54,95.5,2002-07-12T23:22:28,4,54,54
55,60.3,2005-02-05T11:01:38,4,55,55
56,14.0,2007-02-10T15:59:03,2,56,56
57,59.8,1975-06-07T15:27:30,3,57,57
58,46.3,1978-08-08T10:09:16,1,58,58
59,18.2,2002-12-13T22:44:03,5,59,59
60,35.6,2007-01-26T02:42:59,2,60,60
61,49.3,2000-03-08T21:15:50,1,61,61
62,12.2,1981-09-06T00:26:47,5,62,62
63,13.7,1970-07-08T02:51:49,2,63,63
64,48.8,2014-06-09T10:55:36,1,64,64
65,38.1,1986-10-13T07:30:19,4,65,65
66,94.1,1978-12-10T11:48:07,1,66,66
67,1.5,1979-02-27T22:47:10,3,67,67
68,78.6,2019-09-26T16:56:43,1,68,68
69,89.6,1978-02-25T16:46:31,3,69,69
70,67.7,2007-09-10T16:24:43,2,70,70
71,76.3,1990-07-22T23:40:40,1,71,71
72,27.8,1984-06-10T13:15:37,2,72,72
73,5.1,1998-06-07T13:52:17,1,73,73
74,97.5,1997-12-18T14:04:56,5,74,74
75,88.6,1994-06-14T11:17:10,1,75,75
76,46.9,2008-09-19T22:13:46,1,76,76
77,74.0,1995-08-18T19:45:05,5,77,77
78,31.1,2014-02-26T02:37:23,2,78,78
79,67.2,1996-02-08T08:37:28,3,79,79
80,76.9,1984-10-28T14:55:54,3,80,80
81,15.3,1975-01-02T15:08:59,1,81,81
82,58.7,1973-07-14T17:32:01,3,82,82
83,92.5,2019-05-10T08:01:45,4,83,83
84,45.1,1990-02-28T07:33:50,2,84,84
85,2.6,1972-01-16T14:37:16,5,85,85
86,20.8,1980-07-31T11:54:10,3,86,86
87,60.0,1979-08-26T01:58:21,3,87,87
88,34.2,1976-11-01T09:13:56,5,88,88
89,75.4,2011-03-25T09:27:32,5,89,89
90,66.4,1971-10-04T14:03:39,3,90,90
91,72.0,1972-11-26T05:07:11,1,91,91
92,11.9,1990-08-30T01:30:46,5,92,92
93,95.4,1989-04-03T04:00:13,3,93,93
94,55.9,2002-02-09T13:58:05,3,94,94
95,81.7,1984-04-27T22:08:38,3,95,95
96,66.5,1989-11-03T20:20:33,5,96,96
97,50.4,1998-01-18T07:57:34,2,97,97
98,3.5,1984-07-18T10:05:40,2,98,98
99,92.2,1973-11-05T11:26:08,5,99,99
100,42.1,2011-07-19T00:16:12,2,100,100
101,56.9,2013-11-11T09:12:37,4,101,101
102,12.0,1989-01-10T01:15:33,5,102,102
103,53.1,1975-05-27T16:21:54,4,103,103
104,86.0,1990-09-24T23:41:29,2,104,104
105,49.0,2018-12-27T16:43:27,3,105,105
106,43.9,2000-07-17T09:02:23,1,106,106
107,54.8,2007-01-12T22:15:28,4,107,107
108,26.7,1992-03-20T04:11:12,3,108,108
109,39.4,1994-03-05T08:20:09,2,109,109
110,89.5,1998-03-23T22:08:08,4,110,110
111,18.7,2009-12-29T02:35:42,4,111,111
112,61.6,2008-01-18T01:00:46,2,112,112
113,8.9,1970-09-26T09:29:36,5,113,113
114,44.4,2000-07-05T00:28:12,4,114,114
115,16.5,1999-05-15T19:23:36,2,115,115
116,62.6,1980-12-06T10:40:58,1,116,116
117,13.6,1977-07-04T16:20:05,4,117,117
118,87.1,2003-04-23T08:18:16,1,118,118
119,82.0,2008-11-24T06:02:11,3,119,119
120,67.2,1991-09-04T18:59:38,5,120,120
121,93.0,1982-07-12T14:06:57,5,121,121
122,58.9,2002-04-17T02:58:33,5,122,122
123,36.4,2021-11-27T20:27:38,3,123,123
124,79.4,2015-01-05T06:18:54,1,124,124
125,20.4,1983-05-05T05:17:13,5,125,125
126,80.3,2017-03-24T00:49:29,1,126,126
127,62.4,1992-02-04T00:42:09,2,127,127
128,36.8,2014-08-22T08:43:04,1,128,128
129,10.5,1999-06-21T17:00:29,1,129,129
130,33.7,2010-03-04T10:27:00,3,130,130
131,23.5,2021-01-28T20:00:36,4,131,131
132,53.5,2015-06-15T19:07:17,3,132,132
133,72.2,1970-08-22T07:16:59,4,133,133
134,97.3,1988-12-19T14:48:04,2,134,134
135,86.9,1986-12-22T07:20:26,4,135,135
136,34.3,1974-01-10T15:56:28,3,136,136
137,24.0,1988-08-27T16:20:15,4,137,137
138,82.0,2020-02-21T09:58:57,1,138,138
139,14.6,2018-05-04T09:47:22,2,139,139
140,50.1,2002-04-12T03:19:39,2,140,140
141,60.0,2017-03-23T23:25:08,3,141,141
142,31.2,1996-10-20T02:23:49,2,142,142
143,47.3,1970-10-23T06:15:14,1,143,143
144,12.0,1975-01-03T21:07:15,2,144,144
145,61.1,1988-11-03T06:06:13,5,145,145
146,66.0,1996-05-01T15:55:02,2,146,146
147,45.5,1977-01-25T23:11:37,2,147,147
148,81.5,2016-09-21T13:11:45,1,148,148
149,69.8,2000-08-03T14:08:18,5,149,149
150,88.9,1981-05-30T20:43:56,3,150,150
151,25.9,1984-04-27T06:22:04,5,151,151
152,10.4,2006-08-13T16:38:44,4,152,152
153,10.3,1999-02-27T19:45:16,3,153,153
154,48.8,2002-05-07T18:35:21,4,154,154
155,73.9,2010-08-02T12:04:57,5,155,155
156,8.2,1992-08-06T08:58:39,2,156,156
157,7.4,2000-05-15T12:43:08,1,157,157
158,26.4,1978-01-21T16:01:18,3,158,158
159,44.1,2017-12-10T13:07:51,5,159,159
160,10.6,1971-03-23T23:43:05,5,160,160
161,94.4,1991-01-03T17:17:30,2,161,161
162,4.2,1996-12-13T01:34:33,3,162,162
163,63.8,1984-11-23T05:40:00,1,163,163
164,30.6,1977-10-31T13:07:04,1,164,164
165,9.2,2005-05-05T21:55:26,2,165,165
166,44.8,1994-03-31T19:32:10,1,166,166
167,56.5,1999-01-24T02:34:40,3,167,167
168,53.5,2004-12-04T07:11:25,1,168,168
169,83.8,1978-02-23T11:45:19,2,169,169
170,65.7,1994-11-27T19:05:36,2,170,170
171,14.9,2011-02-27T17:42:58,4,171,171
172,78.4,2011-10-14T12:16:49,3,172,172
173,80.5,2020-03-26T10:34:51,4,173,173
174,59.9,2017-11-22T13:07:46,3,174,174
175,19.7,1978-10-28T20:40:29,3,175,175
176,11.1,1991-12-13T11:45:07,5,176,176
177,88.0,1978-03-23T10:33:01,1,177,177
178,2.2,1985-03-08T10:21:11,3,178,178
179,57.7,1976-03-31T00:48:26,4,179,179
180,96.5,1984-03-31T12:24:47,2,180,180
181,75.9,2018-08-01T19:51:09,3,181,181
182,19.8,1994-01-08T11:30:57,2,182,182
183,31.5,1997-09-24T16:43:43,2,183,183
184,63.9,2011-02-20T15:20:22,2,184,184
185,20.9,2004-08-24T04:36:05,1,185,185
186,90.5,2008-07-04T20:10:48,5,186,186
187,28.9,2001-03-14T22:40:24,4,187,187
188,30.9,2017-06-13T00:13:15,1,188,188
189,86.8,1990-04-07T01:37:50,2,189,189
190,66.7,2020-08-01T08:17:59,5,190,190
191,83.6,2015-01-21T11:22:54,2,191,191
192,56.2,2013-07-30T17:45:39,3,192,192
193,35.9,2019-12-06T12:33:57,4,193,193
194,48.2,2006-03-09T18:28:12,5,194,194
195,44.5,2017-04-28T13:41:20,2,195,195
196,13.1,1990-10-31T16:41:57,4,196,196
197,25.9,2020-12-07T06:54:39,2,197,197
198,32.6,2009-03-25T05:56:51,3,198,198
199,38.7,1994-11-07T09:42:32,5,199,199
200,79.5,1999-01-13T12:55:51,5,200,200
201,13.3,1980-10-08T02:30:32,5,201,201
202,3.7,2021-02-02T08:02:18,3,202,202
203,19.7,1978-11-15T19:27:08,3,203,203
204,26.8,1989-02-03T14:53:13,3,204,204
205,48.8,1999-05-12T00:04:09,4,205,205
206,17.7,1991-07-10T06:42:36,1,206,206
207,15.7,2012-08-13T16:39:45,1,207,207
208,60.2,1978-01-19T00:39:39,5,208,208
209,76.4,1976-09-19T09:56:36,4,209,209
210,98.0,2003-08-12T07:28:26,5,210,210
211,75.6,2007-02-07T18:58:48,3,211,211
212,87.6,2011-04-15T05:05:36,3,212,212
213,38.3,1989-04-30T02:23:30,2,213,213
214,40.2,1992-10-16T18:16:32,1,214,214
215,68.1,2018-07-13T18:49:36,4,215,215
216,26.6,1997-04-11T01:42:37,2,216,216
217,66.1,1999-02-16T07:42:02,5,217,217
218,54.5,1988-10-18T08:49:29,4,218,218
219,32.4,2002-10-25T22:31:09,3,219,219
220,31.7,1981-11-06T01:01:53,1,220,220
221,18.3,2001-12-21T06:09:29,4,221,221
222,66.6,2013-03-18T18:32:35,5,222,222
223,8.1,2016-12-30T21:02:15,4,223,223
224,11.7,2004-04-17T02:48:20,2,224,224
225,39.0,2003-08-06T15:09:54,5,225,225
226,57.3,2003-07-23T13:02:30,5,226,226
227,82.0,2008-06-19T13:51:18,5,227,227
228,94.5,2020-02-07T04:07:28,2,228,228
229,59.4,1992-05-24T10:51:52,1,229,229
230,87.1,1994-04-24T00:50:35,2,230,230
231,30.9,2004-05-16T06:29:05,5,231,231
232,9.6,1995-07-28T15:55:33,5,232,232
233,32.7,2009-05-23T18:39:52,3,233,233
234,35.8,2019-11-22T00:59:45,2,234,234
235,67.8,1996-06-22T12:40:31,2,235,235
236,22.8,1976-05-08T10:27:54,2,236,236
237,36.7,1999-07-04T06:35:08,1,237,237
238,9.0,1973-12-29T15:01:15,4,238,238
239,79.3,2006-12-23T15:09:57,5,239,239
240,19.2,2006-06-25T14:28:04,2,240,240
241,25.3,1976-05-16T01:22:03,1,241,241
242,6.5,2009-09-12T22:10:01,1,242,242
243,84.4,2007-11-07T09:12:33,5,243,243
244,36.9,1995-09-25T21:32:55,3,244,244
245,23.1,2020-12-04T14:08:34,3,245,245
246,84.8,1985-08-29T13:40:42,3,246,246
247,26.4,1984-03-11T06:21:41,3,247,247
248,16.4,2022-01-25T16:29:44,5,248,248
249,88.2,1974-01-03T19:40:19,2,249,249
250,35.7,2013-08-03T10:07:17,5,250,250
251,57.2,1982-08-20T11:32:19,3,251,251
252,88.2,1984-04-25T01:18:14,3,252,252
253,4.1,2017-02-25T14:48:54,5,253,253
254,47.6,1974-05-24T22:43:34,3,254,254
255,97.4,1973-02-23T16:26:42,5,255,255
256,30.4,1992-02-22T16:44:47,1,256,256
257,94.9,1973-09-02T06:26:23,5,257,257
258,44.6,2007-03-10T06:55:25,2,258,258
259,49.2,2018-06-25T14:12:42,3,259,259
260,59.4,1990-07-14T21:35:21,2,260,260
261,30.7,1986-05-06T10:49:30,2,261,261
262,54.7,1990-09-19T16:46:22,3,262,262
263,43.0,2002-09-13T02:50:45,2,263,263
264,1.4,2004-08-12T06:54:19,4,264,264
265,38.4,1993-07-23T10:26:47,2,265,265
266,99.5,2000-01-18T18:05:16,4,266,266
267,45.7,1982-02-06T15:10:24,1,267,267
268,22.9,2004-07-14T12:11:24,3,268,268
269,76.7,1998-01-14T08:20:33,2,269,269
270,91.6,2017-08-24T16:39:47,3,270,270
271,23.2,2001-08-01T09:33:52,5,271,271
272,29.1,1988-03-13T22:28:00,1,272,272
273,58.2,1999-04-06T07:42:30,1,273,273
274,36.6,2007-01-13T08:01:16,1,274,274
275,1.2,1986-11-05T09:02:50,3,275,275
276,87.9,2012-02-26T04:53:25,1,276,276
277,68.8,1979-12-28T01:06:30,1,277,277
278,75.6,2012-06-05T03:01:56,1,278,278
279,54.9,2006-10-08T03:29:34,3,279,279
280,42.1,2016-09-18T20:05:25,4,280,280
281,35.6,1975-07-24T08:12:28,4,281,281
282,18.5,1972-12-03T15:45:17,4,282,282
283,39.5,1979-02-06T22:58:55,4,283,283
284,36.7,1979-05-07T02:15:26,1,284,284
285,11.4,2010-07-08T14:23:01,5,285,285
286,12.9,1996-02-08T13:58:43,1,286,286
287,35.2,2014-03-18T08:37:25,4,287,287
288,39.0,2003-11-19T01:15:38,4,288,288
289,60.1,1975-10-30T20:24:45,5,289,289
290,51.5,2001-04-29T18:45:40,2,290,290
291,37.9,1983-04-16T03:26:50,1,291,291
292,90.1,2010-04-17T14:17:00,3,292,292
293,8.1,1972-07-05T16:44:01,4,293,293
294,41.5,2022-03-27T22:46:34,1,294,294
295,55.3,1994-12-19T23:03:45,2,295,295
296,83.4,1990-06-14T21:57:24,4,296,296
297,87.6,1972-03-05T17:38:26,3,297,297
298,26.5,2021-03-18T17:32:47,2,298,298
299,81.6,2017-09-22T22:55:49,3,299,299
300,89.6,2016-07-14T03:54:54,3,300,300
301,5.9,1982-11-20T04:51:32,1,301,301
302,94.2,2000-06-28T22:09:57,5,302,302
303,86.8,1980-03-25T07:09:09,2,303,303
304,68.7,1979-01-02T19:26:21,5,304,304
305,17.3,2001-11-18T05:10:56,5,305,305
306,24.1,2004-06-26T18:05:11,3,306,306
307,80.1,2012-02-04T16:16:47,4,307,307
308,30.4,2016-02-16T06:21:07,5,308,308
309,1.8,2005-05-23T05:17:22,3,309,309
310,15.8,1993-08-28T09:42:32,1,310,310
311,13.1,2002-08-08T17:22:54,4,311,311
312,14.0,2012-04-08T04:26:44,2,312,312
313,42.4,2018-11-21T15:52:29,4,313,313
314,82.5,2001-09-03T12:40:01,4,314,314
315,58.5,2002-12-01T02:37:40,5,315,315
316,22.7,1971-12-14T11:07:31,2,316,316
317,33.1,1999-06-29T01:58:05,3,317,317
318,65.1,1991-06-23T15:04:48,2,318,318
319,62.3,2017-05-03T18:36:30,2,319,319
320,50.2,2018-04-08T10:27:32,5,320,320
321,14.6,1999-04-29T17:21:26,1,321,321
322,20.1,1995-09-13T09:29:44,2,322,322
323,6.4,2008-04-11T16:37:41,1,323,323
324,10.1,2020-11-14T15:54:49,3,324,324
325,71.6,1998-12-23T23:03:29,4,325,325
326,12.1,1988-04-23T02:43:33,5,326,326
327,78.2,1973-10-09T11:05:04,5,327,327
328,78.0,2021-05-14T21:31:46,5,328,328
329,40.3,2004-03-16T19:19:39,4,329,329
330,3.7,1970-03-16T10:44:20,1,330,330
331,83.2,1986-03-11T16:23:34,5,331,331
332,80.3,1971-11-14T15:42:22,5,332,332
333,80.0,1991-02-05T19:56:09,2,333,333
334,3.7,2003-07-20T00:18:20,1,334,334
335,79.2,2006-12-18T10:34:25,5,335,335
336,97.6,2007-06-14T20:13:55,2,336,336
337,34.6,2000-03-03T03:36:40,5,337,337
338,85.8,1985-01-10T20:15:13,5,338,338
339,37.0,1994-03-27T00:35:18,2,339,339
340,18.0,1987-08-12T11:04:34,5,340,340
341,95.3,1978-09-04T11:45:46,3,341,341
342,55.7,1992-01-27T10:38:37,5,342,342
343,31.9,1986-03-23T05:35:44,1,343,343
344,65.2,1997-10-14T20:36:58,5,344,344
345,65.6,2014-08-23T04:24:25,3,345,345
346,96.8,1976-07-19T11:07:32,2,346,346
347,52.9,1978-10-22T09:24:17,5,347,347
348,67.3,1994-01-16T05:45:32,2,348,348
349,48.7,2019-02-15T01:05:55,4,349,349
350,60.9,2013-06-09T02:13:51,3,350,350
351,88.2,1975-06-04T02:50:49,3,351,351
352,40.6,1978-03-14T00:11:31,2,352,352
353,47.1,1997-09-06T03:58:56,4,353,353
354,36.6,1995-11-06T06:45:48,1,354,354
355,59.2,1990-06-14T15:18:47,2,355,355
356,79.9,2017-07-22T05:34:02,1,356,356
357,13.5,1980-03-02T19:12:42,4,357,357
358,31.2,1996-05-24T03:29:51,1,358,358
359,1.3,2012-05-05T23:04:10,2,359,359
360,31.2,1992-03-16T00:01:05,4,360,360
361,7.1,1984-06-15T10:10:04,5,361,361
362,42.8,1987-11-08T05:29:37,3,362,362
363,29.4,2011-11-16T12:11:49,4,363,363
364,83.1,2021-09-15T13:17:40,1,364,364
365,6.3,1970-08-23T08:56:24,5,365,365
366,48.8,1997-08-02T22:00:02,3,366,366
367,5.8,2010-01-13T21:19:31,1,367,367
368,59.8,1982-04-26T17:07:26,1,368,368
369,31.8,1988-05-16T06:43:01,5,369,369
370,25.8,1994-01-31T13:08:48,1,370,370
371,84.4,2017-10-12T10:56:24,4,371,371
372,61.6,2004-05-05T20:12:09,3,372,372
373,58.8,2020-01-16T20:15:08,2,373,373
374,5.0,2009-05-12T07:53:42,2,374,374
375,72.3,1982-12-11T19:57:40,4,375,375
376,10.7,1995-06-21T13:31:11,4,376,376
377,94.6,1970-08-31T19:12:14,4,377,377
378,87.0,2015-12-26T07:18:00,4,378,378
379,17.5,1996-09-12T12:55:51,2,379,379
380,58.2,1985-11-21T11:22:25,2,380,380
381,20.4,2012-01-08T12:22:55,1,381,381
382,29.3,2007-07-29T23:47:09,2,382,382
383,82.0,1986-02-17T16:41:07,4,383,383
384,55.1,1975-06-16T23:56:34,2,384,384
385,17.8,2019-12-15T11:07:04,2,385,385
386,85.3,2010-06-23T09:11:24,1,386,386
387,49.4,1989-08-19T11:18:26,3,387,387
388,68.5,1975-08-14T21:19:30,5,388,388
389,28.1,2011-03-23T15:04:48,2,389,389
390,38.4,2013-06-23T02:20:10,4,390,390
391,95.7,1988-10-23T05:10:52,1,391,391
392,26.1,1985-06-25T15:16:14,1,392,392
393,74.4,1999-01-24T07:13:09,1,393,393
394,45.1,2004-09-08T17:10:12,1,394,394
395,21.2,1995-02-24T12:52:56,5,395,395
396,42.2,1998-09-21T00:47:48,5,396,396
397,94.8,2021-06-16T10:36:59,4,397,397
398,4.9,2018-08-02T16:40:13,5,398,398
399,65.3,1975-12-09T19:22:23,2,399,399
400,74.4,1974-12-05T20:14:46,1,400,400
401,59.8,2017-06-06T09:06:47,1,401,401
402,72.1,1996-10-21T12:22:35,2,402,402
403,64.3,1986-01-20T13:05:12,2,403,403
404,85.3,2020-03-20T05:57:23,2,404,404
405,20.1,2011-11-26T14:53:30,4,405,405
406,48.6,2017-07-07T20:21:21,2,406,406
407,74.7,1974-05-26T10:55:01,2,407,407
408,41.0,1987-03-05T01:10:21,5,408,408
409,21.3,2004-03-22T10:08:19,1,409,409
410,70.1,2007-07-04T19:45:09,5,410,410
411,54.9,2017-06-12T06:55:51,2,411,411
412,80.7,1995-02-27T01:20:33,5,412,412
413,61.6,1991-02-23T12:48:18,4,413,413
414,47.9,2007-03-22T12:04:57,5,414,414
415,69.8,1986-04-27T04:57:01,4,415,415
416,88.8,1999-11-29T19:14:46,5,416,416
417,16.2,2015-07-18T20:07:43,2,417,417
418,18.3,2006-10-08T06:07:36,3,418,418
419,58.7,2009-10-09T19:48:20,2,419,419
420,20.7,1971-03-23T21:44:44,2,420,420
421,67.8,1999-06-26T22:47:48,1,421,421
422,39.9,1989-12-21T00:49:54,5,422,422
423,81.7,2009-11-12T02:15:35,5,423,423
424,11.5,1987-02-14T02:23:13,4,424,424
425,38.5,2020-10-23T10:53:58,2,425,425
426,54.1,2013-07-03T03:25:37,2,426,426
427,52.7,1996-10-09T10:02:32,5,427,427
428,90.8,1970-01-08T20:45:32,3,428,428
429,95.1,2009-04-08T17:09:15,4,429,429
430,59.1,2018-12-07T23:18:09,4,430,430
431,78.5,1982-07-20T08:14:30,2,431,431
432,18.1,1986-11-28T10:17:46,5,432,432
433,45.4,1989-03-22T07:34:31,3,433,433
434,65.5,2015-03-10T20:16:41,3,434,434
435,55.1,1993-01-19T06:39:58,3,435,435
436,76.0,2000-09-26T04:43:59,1,436,436
437,86.2,1988-04-13T18:57:47,5,437,437
438,74.3,1970-12-20T18:14:11,3,438,438
439,35.9,2010-06-23T13:03:38,2,439,439
440,80.0,1991-08-12T11:36:03,1,440,440
441,48.7,1970-09-06T19:21:29,2,441,441
442,68.2,1972-05-30T16:10:18,3,442,442
443,27.7,1994-04-08T09:46:18,5,443,443
444,97.9,1975-06-14T15:50:33,2,444,444
445,43.3,1994-01-20T02:12:57,5,445,445
446,82.7,1977-12-11T20:02:49,4,446,446
447,14.1,2003-08-04T12:03:54,2,447,447
448,81.2,1974-06-16T06:26:49,3,448,448
449,75.5,1991-11-29T01:46:30,4,449,449
450,77.3,1997-06-27T05:36:29,4,450,450
451,26.8,1980-04-30T11:24:24,3,451,451
452,12.7,1994-11-27T23:57:12,4,452,452
453,83.1,2013-12-28T17:13:40,2,453,453
454,41.2,1971-02-25T08:00:48,5,454,454
455,99.0,1978-05-28T05:40:50,5,455,455
456,9.0,2001-08-30T09:12:35,4,456,456
457,18.5,1976-09-09T07:56:54,5,457,457
458,25.0,1976-07-03T09:56:55,4,458,458
459,53.8,1986-10-22T20:26:41,2,459,459
460,87.4,2003-01-21T06:44:41,3,460,460
461,37.2,1970-12-24T14:48:06,4,461,461
462,2.0,1997-01-01T18:44:55,2,462,462
463,58.1,1998-05-23T19:03:51,3,463,463
464,20.6,2021-06-16T18:07:23,2,464,464
465,71.9,2008-04-18T13:47:04,1,465,465
466,29.5,1990-11-13T08:40:28,4,466,466
467,74.6,1999-06-09T06:07:38,5,467,467
468,73.1,2004-10-12T01:20:48,1,468,468
469,87.9,1984-01-30T20:28:36,1,469,469
470,95.9,2000-02-20T18:36:24,2,470,470
471,29.8,1985-12-11T01:59:50,5,471,471
472,71.8,2011-01-21T06:28:50,1,472,472
473,27.1,2002-02-26T04:29:52,1,473,473
474,56.9,2017-02-24T12:45:58,5,474,474
475,21.9,1972-08-12T18:01:38,5,475,475
476,75.0,1982-12-02T22:37:34,3,476,476
477,21.7,1991-07-24T02:52:46,5,477,477
478,84.6,1992-04-22T04:08:30,2,478,478
479,80.9,2008-11-12T09:14:27,4,479,479
480,67.9,1992-01-20T00:00:25,4,480,480
481,28.1,1984-03-27T06:32:53,3,481,481
482,93.0,2010-09-18T14:59:02,4,482,482
483,25.1,2005-01-24T23:01:26,5,483,483
484,35.4,2015-11-18T20:50:43,2,484,484
485,46.3,1983-05-13T22:46:15,3,485,485
486,53.1,1975-03-30T06:56:32,4,486,486
487,35.6,2005-01-23T12:52:28,5,487,487
488,84.9,2019-08-28T16:54:32,5,488,488
489,7.2,1980-07-17T13:17:58,1,489,489
490,85.9,2010-03-14T08:51:56,2,490,490
491,80.4,2005-11-02T03:56:06,1,491,491
492,81.7,1978-07-10T15:33:13,3,492,492
493,49.1,2006-01-21T08:36:03,1,493,493
494,20.9,1997-03-26T22:40:13,4,494,494
495,62.9,2012-01-14T08:54:26,5,495,495
496,30.5,2016-04-22T11:01:00,3,496,496
497,75.7,2007-01-23T15:59:39,3,497,497
498,18.2,1988-10-27T06:26:41,2,498,498
499,97.3,2012-04-03T23:50:18,3,499,499
500,97.1,1985-01-11T13:33:14,3,500,500
501,5.8,1982-07-08T18:30:56,4,501,501
502,99.1,1970-04-29T06:35:43,3,502,502
503,55.3,1985-03-11T15:11:12,3,503,503
504,39.4,2015-03-21T06:31:37,2,504,504
505,34.1,1987-02-08T22:30:16,2,505,505
506,21.5,1984-09-07T10:06:12,5,506,506
507,26.6,1989-04-23T16:13:14,3,507,507
508,98.1,1971-08-29T02:21:23,1,508,508
509,34.4,1994-07-29T18:56:06,4,509,509
510,18.0,1991-12-01T21:35:34,2,510,510
511,63.8,1993-12-08T14:43:52,3,511,511
512,34.2,1970-03-12T15:04:11,4,512,512
513,20.0,1999-08-02T15:18:23,1,513,513
514,30.8,2016-01-29T21:49:42,4,514,514
515,74.3,1971-07-13T05:35:48,2,515,515
516,86.2,2014-09-04T04:05:45,1,516,516
517,72.7,2015-02-10T02:12:09,2,517,517
518,58.5,2017-02-24T00:20:24,2,518,518
519,71.5,2001-06-25T23:43:54,5,519,519
520,28.7,1983-10-18T18:30:09,3,520,520
521,11.0,1991-11-22T23:52:56,5,521,521
522,4.8,1987-08-06T10:00:27,2,522,522
523,45.0,2012-03-13T07:13:51,4,523,523
524,98.9,2003-12-17T10:05:41,5,524,524
525,94.1,2006-10-31T01:21:10,5,525,525
526,38.6,1988-07-08T03:45:50,3,526,526
527,75.0,2005-04-19T19:44:53,4,527,527
528,8.1,2005-03-24T18:26:08,2,528,528
529,43.9,2015-05-01T20:52:35,2,529,529
530,83.6,2019-01-06T13:31:55,4,530,530
531,18.3,1994-06-17T12:05:05,1,531,531
532,8.8,2018-02-01T00:37:44,5,532,532
533,63.9,1980-07-30T03:31:38,3,533,533
534,6.3,1984-09-19T07:37:14,1,534,534
535,29.9,2004-07-25T10:00:23,3,535,535
536,82.3,1996-10-28T18:14:15,3,536,536
537,30.5,1972-12-27T19:42:05,5,537,537
538,28.0,1994-06-01T21:36:22,1,538,538
539,46.8,2007-09-03T21:55:51,2,539,539
540,13.1,2020-12-31T16:00:32,2,540,540
541,41.5,1972-11-09T05:01:14,1,541,541
542,61.2,2019-08-04T03:05:37,2,542,542
543,47.8,1978-06-09T21:55:47,4,543,543
544,39.2,1999-02-27T10:27:21,2,544,544
545,74.8,1993-03-31T00:13:00,1,545,545
546,99.1,1987-05-12T13:03:56,1,546,546
547,3.7,2009-04-23T06:51:04,1,547,547
548,60.4,1987-01-13T08:14:04,4,548,548
549,9.9,2020-03-16T14:54:00,3,549,549
550,80.5,2011-07-07T06:31:39,4,550,550
551,17.0,2017-01-21T08:52:48,1,551,551
552,85.3,1994-08-29T02:42:04,2,552,552
553,38.4,1971-03-01T03:26:03,3,553,553
554,53.7,2000-08-26T16:31:52,1,554,554
555,70.8,1994-10-10T08:59:08,4,555,555
556,89.1,1994-05-02T19:07:48,5,556,556
557,54.6,2021-09-05T19:23:52,2,557,557
558,73.9,1986-07-31T17:27:40,4,558,558
559,48.8,1990-06-09T13:57:23,4,559,559
560,17.5,1993-02-22T21:44:48,2,560,560
561,86.1,2017-09-25T01:06:15,4,561,561
562,13.1,1972-07-12T02:11:29,2,562,562
563,5.9,1996-03-30T19:19:14,3,563,563
564,11.1,1988-08-28T07:35:08,4,564,564
565,14.4,2004-03-07T17:48:41,3,565,565
566,74.5,1971-12-20T04:19:19,2,566,566
567,82.9,1978-05-01T10:08:36,4,567,567
568,20.1,1979-01-19T15:37:23,5,568,568
569,26.4,2002-08-15T17:27:46,3,569,569
570,10.4,1989-05-17T03:25:32,1,570,570
571,66.0,1975-08-02T22:53:46,3,571,571
572,71.6,1983-05-27T03:52:33,2,572,572
573,85.4,1980-04-29T22:17:34,1,573,573
574,53.5,2006-07-29T14:24:20,2,574,574
575,62.5,1975-06-26T09:15:39,2,575,575
576,26.3,1979-11-29T00:48:39,2,576,576
577,71.5,1988-12-30T06:11:00,2,577,577
578,55.7,1981-03-22T12:07:38,4,578,578
579,24.6,1999-10-20T05:04:57,3,579,579
580,58.1,2014-07-08T08:57:30,4,580,580
581,88.8,1996-11-12T01:09:30,2,581,581
582,18.6,1981-06-11T03:16:21,5,582,582
583,70.8,1988-04-27T11:01:32,3,583,583
584,75.5,1995-12-21T11:26:32,5,584,584
585,53.8,2020-07-20T16:48:32,4,585,585
586,49.0,2017-06-03T08:28:24,1,586,586
587,37.2,2006-01-06T00:16:39,4,587,587
588,30.5,2006-09-03T08:33:36,3,588,588
589,70.2,1999-09-01T19:27:13,4,589,589
590,89.9,2019-02-16T15:04:26,3,590,590
591,45.7,2003-12-10T11:11:33,2,591,591
592,49.8,1991-12-25T19:34:07,1,592,592
593,73.5,2003-05-01T16:57:44,3,593,593
594,81.5,2020-08-22T04:03:25,3,594,594
595,87.4,2021-04-07T18:35:31,3,595,595
596,52.4,2022-03-14T20:37:50,4,596,596
597,44.1,1979-12-08T11:12:15,1,597,597
598,60.3,2012-01-07T08:38:32,2,598,598
599,60.3,2019-08-24T17:35:36,1,599,599
600,51.9,1994-04-08T19:08:16,1,600,600
601,4.0,1978-08-08T20:15:42,2,601,601
602,35.8,2000-12-30T11:08:26,4,602,602
603,23.0,1977-11-27T15:44:11,4,603,603
604,61.4,1991-07-15T09:32:35,1,604,604
605,46.9,1995-11-11T16:15:42,1,605,605
606,32.0,2016-09-12T17:57:12,5,606,606
607,35.4,1975-03-07T20:04:34,5,607,607
608,57.7,1984-07-25T23:52:44,3,608,608
609,1.5,1995-07-09T08:20:40,1,609,609
610,66.1,2003-12-25T16:21:58,1,610,610
611,25.2,1976-03-28T19:57:47,3,611,611
612,18.9,2010-10-04T04:05:40,4,612,612
613,5.0,1996-09-19T18:35:08,3,613,613
614,57.1,2016-12-16T00:32:57,2,614,614
615,9.4,1973-04-27T16:53:26,4,615,615
616,38.6,2017-12-29T14:40:29,2,616,616
617,6.0,1992-03-29T17:08:23,2,617,617
618,30.7,2016-02-20T17:46:56,4,618,618
619,63.5,1992-03-01T02:11:03,4,619,619
620,35.9,1982-01-28T09:54:09,4,620,620
621,6.0,1970-09-10T14:33:58,2,621,621
622,50.8,1988-04-05T12:12:08,3,622,622
623,42.5,1983-09-14T20:09:14,2,623,623
624,39.6,1974-10-29T21:28:03,2,624,624
625,80.7,1987-09-06T07:46:34,2,625,625
626,42.2,1994-07-15T23:34:59,3,626,626
627,30.7,2013-12-28T12:26:54,4,627,627
628,44.4,2006-07-13T17:48:56,2,628,628
629,62.0,2005-02-03T23:00:57,5,629,629
630,27.6,1979-03-03T21:13:03,3,630,630
631,55.4,2016-06-07T03:16:40,1,631,631
632,41.6,1978-09-22T01:17:48,4,632,632
633,81.3,1984-08-20T05:07:03,5,633,633
634,41.5,2010-09-09T22:30:23,1,634,634
635,18.9,1996-12-10T03:56:56,3,635,635
636,67.7,1971-12-14T20:22:44,4,636,636
637,52.6,1983-09-13T05:13:28,1,637,637
638,5.1,1992-08-30T16:17:30,5,638,638
639,60.1,2021-11-19T09:39:46,1,639,639
640,99.9,2004-04-16T11:36:58,2,640,640
641,32.6,2010-05-03T02:37:36,5,641,641
642,37.1,2010-05-06T10:37:55,4,642,642
643,95.2,1993-07-18T09:48:35,2,643,643
644,63.9,2005-06-26T18:10:24,3,644,644
645,58.2,2016-02-10T02:49:24,3,645,645
646,73.9,2009-02-17T01:48:04,3,646,646
647,37.1,1988-01-05T20:55:48,5,647,647
648,7.1,1991-01-03T02:16:08,1,648,648
649,45.9,1985-02-15T20:08:29,4,649,649
650,12.9,1976-11-16T11:34:13,4,650,650
651,36.8,1971-05-26T22:02:42,3,651,651
652,43.9,2002-02-02T17:34:11,3,652,652
653,82.4,2012-06-14T02:23:58,3,653,653
654,21.0,1984-12-19T15:46:11,4,654,654
655,84.9,1988-09-13T10:26:57,4,655,655
656,5.0,2003-11-15T13:59:57,3,656,656
657,77.6,2011-06-07T16:05:44,5,657,657
658,58.5,1982-01-25T10:01:40,4,658,658
659,40.0,2021-09-12T01:46:41,5,659,659
660,56.9,2020-08-19T03:28:39,4,660,660
661,27.4,1970-05-22T18:00:27,4,661,661
662,36.1,1970-02-07T10:10:51,1,662,662
663,77.7,1983-02-13T00:41:21,2,663,663
664,81.5,1980-01-30T23:02:44,3,664,664
665,95.0,1976-01-27T18:42:14,3,665,665
666,93.2,1984-12-12T15:52:54,3,666,666
667,3.3,2004-01-11T16:32:35,5,667,667
668,39.2,1974-07-31T20:23:54,3,668,668
669,3.8,2000-09-06T07:43:56,4,669,669
670,55.1,1999-11-10T14:00:19,3,670,670
671,83.9,1981-01-06T06:48:33,2,671,671
672,98.5,1999-04-09T17:13:39,1,672,672
673,36.0,2013-02-19T01:41:56,4,673,673
674,58.2,1970-08-20T14:28:29,4,674,674
675,75.9,1980-04-18T21:10:54,5,675,675
676,18.4,1976-03-19T18:48:43,1,676,676
677,65.0,1970-04-04T05:04:49,2,677,677
678,70.9,1989-08-12T17:29:42,4,678,678
679,54.2,1983-10-05T20:09:05,4,679,679
680,66.6,1972-09-15T10:01:59,1,680,680
681,2.5,1980-02-11T15:03:27,2,681,681
682,55.6,1994-05-06T18:53:01,2,682,682
683,41.5,1990-04-28T10:15:45,1,683,683
684,51.6,2004-08-10T10:10:15,2,684,684
685,6.4,2011-12-02T11:47:06,2,685,685
686,98.8,1982-01-10T22:14:14,3,686,686
687,96.0,2008-02-15T11:05:37,5,687,687
688,23.8,2006-11-06T15:10:38,4,688,688
689,80.7,1988-06-09T23:30:01,1,689,689
690,57.6,2010-03-22T15:58:12,3,690,690
691,66.0,2019-07-04T16:10:35,1,691,691
692,70.4,2021-01-11T21:52:42,1,692,692
693,70.6,1994-03-17T13:22:40,3,693,693
694,75.1,1971-08-06T13:27:28,4,694,694
695,74.6,1986-07-24T13:19:25,3,695,695
696,6.0,1998-04-15T13:23:54,1,696,696
697,29.6,2007-06-24T23:55:39,5,697,697
698,47.2,1990-09-09T09:05:09,4,698,698
699,88.4,2000-01-08T21:47:10,1,699,699
700,37.3,1985-03-11T04:16:18,2,700,700
701,42.0,2004-01-19T06:13:50,1,701,701
702,15.7,1974-12-09T20:32:46,4,702,702
703,43.4,2021-08-28T19:23:23,1,703,703
704,75.3,1992-02-07T22:38:06,5,704,704
705,84.4,2000-09-19T17:36:17,2,705,705
706,70.8,1989-04-11T00:26:12,4,706,706
707,90.1,2009-09-08T22:52:06,4,707,707
708,9.2,1978-01-10T12:07:52,4,708,708
709,81.9,1992-02-23T22:11:18,1,709,709
710,83.1,1999-04-13T02:59:41,5,710,710
711,37.5,1983-07-04T08:30:13,5,711,711
712,16.2,1983-11-04T06:50:19,4,712,712
713,79.6,1979-02-19T23:10:08,3,713,713
714,69.7,1978-11-12T15:05:48,5,714,714
715,85.6,1976-08-04T03:51:37,4,715,715
716,10.6,2020-06-14T07:39:25,5,716,716
717,15.1,1993-07-10T05:14:52,1,717,717
718,18.9,2021-09-04T23:47:35,4,718,718
719,2.9,1977-04-10T12:42:58,3,719,719
720,4.0,2011-04-29T17:42:11,1,720,720
721,33.5,1983-08-02T10:41:43,5,721,721
722,30.9,1989-05-06T22:43:54,2,722,722
723,21.3,2009-05-02T20:27:35,5,723,723
724,68.4,2006-10-04T04:52:04,4,724,724
725,69.0,1978-02-24T16:50:50,5,725,725
726,68.0,2012-12-06T06:36:34,1,726,726
727,83.5,1990-01-07T16:09:11,1,727,727
728,7.7,1976-10-22T23:17:15,3,728,728
729,56.6,1992-09-22T12:30:31,2,729,729
730,79.4,1979-03-02T01:15:13,4,730,730
731,92.8,2021-08-20T22:35:37,3,731,731
732,81.6,1980-08-02T08:28:23,4,732,732
733,17.3,2015-09-17T22:11:20,3,733,733
734,2.2,2013-10-24T17:50:59,1,734,734
735,61.9,1988-06-14T16:15:28,2,735,735
736,61.2,2020-02-06T20:12:53,4,736,736
737,12.1,1988-11-20T10:51:37,4,737,737
738,1.2,1992-09-21T01:42:56,4,738,738
739,17.8,1976-01-03T04:27:27,2,739,739
740,38.6,1991-01-03T06:40:14,2,740,740
741,57.0,1977-01-28T05:55:03,5,741,741
742,68.6,1982-03-13T02:05:31,4,742,742
743,5.3,1976-01-22T17:20:30,5,743,743
744,76.3,1972-02-07T12:04:14,5,744,744
745,16.8,1994-07-06T21:57:42,4,745,745
746,37.7,1974-09-01T01:30:26,1,746,746
747,27.3,2005-06-18T03:21:58,2,747,747
748,52.8,2013-01-30T09:35:45,4,748,748
749,61.3,2012-04-12T22:43:38,4,749,749
750,25.0,1993-10-08T19:58:24,5,750,750
751,92.7,1999-08-20T22:35:31,3,751,751
752,14.2,1983-08-16T08:28:05,1,752,752
753,35.4,1993-12-02T19:30:52,2,753,753
754,70.2,2017-02-02T20:02:57,3,754,754
755,92.9,2014-12-15T18:12:07,2,755,755
756,96.5,1996-05-26T06:24:55,5,756,756
757,60.4,1988-06-30T01:19:35,5,757,757
758,12.8,2016-09-25T22:17:36,3,758,758
759,39.7,1980-11-22T19:40:25,1,759,759
760,84.0,1987-09-02T14:02:10,2,760,760
761,47.6,2004-11-04T09:41:39,1,761,761
762,35.4,2010-08-22T08:41:51,2,762,762
763,60.4,2003-12-03T15:47:50,4,763,763
764,66.8,2013-08-30T22:55:29,4,764,764
765,35.5,1972-05-02T18:33:57,1,765,765
766,54.5,1978-12-24T06:40:40,1,766,766
767,12.5,1986-10-03T15:33:49,2,767,767
768,57.8,1982-10-25T16:09:38,5,768,768
769,28.4,1988-03-12T02:51:26,3,769,769
770,3.4,1982-07-13T01:55:29,1,770,770
771,17.2,2002-10-16T00:19:52,2,771,771
772,92.9,1984-07-21T02:31:16,1,772,772
773,58.9,2017-10-13T09:16:47,3,773,773
774,29.9,1986-07-19T10:08:19,1,774,774
775,19.5,1991-10-18T15:49:46,3,775,775
776,28.3,2016-12-06T10:07:09,3,776,776
777,16.6,1992-02-03T15:16:05,5,777,777
778,51.7,1993-06-25T07:33:01,1,778,778
779,54.5,2011-05-10T04:33:49,3,779,779
780,56.5,1979-05-19T14:39:13,2,780,780
781,45.0,1991-05-16T22:19:15,1,781,781
782,47.4,2014-01-31T16:10:03,3,782,782
783,19.1,1989-12-09T12:38:58,3,783,783
784,57.7,2017-11-04T12:47:49,3,784,784
785,66.5,2020-06-20T05:26:29,3,785,785
786,13.5,2006-02-14T04:03:23,2,786,786
787,81.5,2012-07-26T03:53:41,2,787,787
788,95.8,1984-09-08T11:15:01,1,788,788
789,73.5,2012-12-28T22:15:05,4,789,789
790,49.6,2001-12-03T23:25:57,1,790,790
791,61.3,2007-07-11T02:05:05,2,791,791
792,55.1,1977-06-27T14:44:47,2,792,792
793,92.1,1986-03-04T22:00:40,5,793,793
794,60.4,2020-12-24T06:02:33,3,794,794
795,38.4,1992-10-16T17:28:01,3,795,795
796,48.0,1994-10-13T11:47:51,3,796,796
797,31.2,2004-03-05T17:45:28,4,797,797
798,98.3,1990-04-04T23:06:41,2,798,798
799,4.4,1999-11-15T06:47:09,4,799,799
800,58.1,2011-10-24T13:35:46,2,800,800
801,95.8,2012-03-18T20:22:37,5,801,801
802,97.6,1987-10-03T17:37:48,2,802,802
803,91.3,1979-08-03T19:00:50,4,803,803
804,87.0,2011-08-03T20:38:58,3,804,804
805,77.3,2012-12-05T20:39:28,5,805,805
806,27.2,1998-01-17T04:59:16,1,806,806
807,70.0,2008-10-27T13:30:01,3,807,807
808,93.0,2014-10-29T02:52:00,1,808,808
809,36.7,2016-06-06T03:37:22,4,809,809
810,80.1,1980-04-28T15:30:41,4,810,810
811,27.2,1988-11-20T02:53:41,4,811,811
812,39.2,1977-07-20T11:34:55,4,812,812
813,26.6,1988-12-15T22:47:00,2,813,813
814,31.8,1992-12-17T17:06:53,3,814,814
815,84.1,1971-05-15T15:39:36,5,815,815
816,85.2,2005-09-07T05:08:27,4,816,816
817,83.1,2021-02-11T11:39:03,3,817,817
818,31.8,1993-03-10T18:29:09,4,818,818
819,99.7,1999-11-08T21:27:47,1,819,819
820,12.0,1986-05-11T11:54:50,5,820,820
821,80.9,2020-02-16T03:03:51,1,821,821
822,60.4,2018-11-26T01:43:20,2,822,822
823,66.6,1971-04-17T03:38:21,3,823,823
824,91.4,2017-07-11T10:09:01,1,824,824
825,40.3,2001-06-09T14:07:21,3,825,825
826,73.6,1978-09-16T10:12:46,5,826,826
827,53.7,2008-04-22T10:22:49,1,827,827
828,59.8,2019-03-26T13:20:04,1,828,828
829,70.8,2004-07-16T14:15:11,1,829,829
830,44.1,1984-07-28T16:22:23,1,830,830
831,63.4,2004-02-15T04:08:56,2,831,831
832,13.0,2014-03-13T08:25:08,3,832,832
833,2.4,2011-11-06T06:43:52,5,833,833
834,37.2,2020-11-26T04:53:50,5,834,834
835,12.6,1994-01-10T21:04:41,2,835,835
836,61.9,2003-05-28T20:47:00,2,836,836
837,62.3,2008-01-21T00:49:15,1,837,837
838,37.7,1998-04-12T19:00:45,2,838,838
839,59.5,1986-04-15T02:53:44,5,839,839
840,72.3,1987-03-30T09:40:12,1,840,840
841,97.0,1994-09-09T18:21:16,2,841,841
842,41.8,2001-12-09T22:27:20,4,842,842
843,8.7,2003-10-01T22:27:04,1,843,843
844,39.1,1974-10-09T11:42:18,4,844,844
845,53.7,1992-02-02T18:04:36,5,845,845
846,34.0,1997-02-26T10:34:54,1,846,846
847,59.1,1989-10-20T11:04:15,2,847,847
848,75.8,1984-09-25T02:45:40,5,848,848
849,59.2,1999-09-28T04:18:01,1,849,849
850,95.0,2011-12-12T12:06:03,1,850,850
851,23.5,1985-07-03T11:53:05,4,851,851
852,2.9,2006-01-24T14:39:12,2,852,852
853,98.9,1996-04-21T19:11:51,3,853,853
854,82.7,1972-04-16T00:36:51,5,854,854
855,76.1,1982-01-04T09:41:27,1,855,855
856,77.3,1993-09-08T10:47:54,1,856,856
857,30.7,2006-01-02T07:45:28,2,857,857
858,65.3,2016-10-10T19:33:08,4,858,858
859,90.2,1975-03-01T17:51:03,1,859,859
860,13.9,2016-01-30T18:26:46,1,860,860
861,57.2,1981-08-17T07:10:39,1,861,861
862,95.8,1972-11-05T07:42:39,5,862,862
863,52.4,2020-06-23T09:47:13,5,863,863
864,80.1,1991-09-30T21:59:33,2,864,864
865,75.4,2017-08-21T02:13:05,2,865,865
866,90.5,2008-07-01T05:29:16,5,866,866
867,41.3,2018-09-26T01:11:25,5,867,867
868,87.0,2011-12-08T08:34:17,2,868,868
869,72.3,1971-07-09T14:17:39,5,869,869
870,80.3,1989-06-20T05:00:46,3,870,870
871,40.4,1993-09-05T21:59:26,5,871,871
872,93.9,2015-08-20T02:41:36,3,872,872
873,85.2,2014-02-14T21:06:38,4,873,873
874,2.8,1989-04-25T06:28:32,2,874,874
875,13.2,2011-07-04T13:07:04,5,875,875
876,80.8,1988-09-14T21:56:13,3,876,876
877,71.3,2003-02-14T00:51:00,2,877,877
878,78.8,1989-10-01T14:43:12,3,878,878
879,25.7,1970-04-18T15:19:02,1,879,879
880,19.9,1981-01-23T13:00:15,5,880,880
881,42.4,1987-05-15T08:50:01,5,881,881
882,92.0,2018-05-25T04:21:18,5,882,882
883,26.8,1985-06-29T00:09:07,1,883,883
884,97.0,2005-08-21T11:16:52,2,884,884
885,42.2,1989-04-09T11:20:16,3,885,885
886,40.6,1996-04-08T08:21:40,3,886,886
887,4.2,2019-08-28T23:17:53,4,887,887
888,80.6,1975-05-12T21:48:23,4,888,888
889,64.3,1996-07-21T04:14:46,3,889,889
890,46.5,1976-05-23T21:14:51,5,890,890
891,14.7,1996-04-16T22:46:45,5,891,891
892,93.8,1986-01-08T01:57:06,1,892,892
893,37.2,2009-03-17T10:47:04,2,893,893
894,12.5,2020-05-14T17:08:32,3,894,894
895,94.3,2003-03-28T09:17:44,5,895,895
896,47.7,2013-05-23T01:50:10,3,896,896
897,19.4,1987-04-17T19:20:57,5,897,897
898,43.3,1999-06-10T19:25:51,5,898,898
899,15.8,1973-01-09T17:39:24,2,899,899
900,34.5,2007-09-15T20:28:07,4,900,900
901,68.6,1997-08-20T02:06:52,3,901,901
902,92.1,1989-12-28T12:14:01,1,902,902
903,62.6,2001-07-01T08:07:21,4,903,903
904,6.5,2009-09-09T21:03:37,1,904,904
905,96.5,1991-11-29T01:21:49,4,905,905
906,17.5,2005-11-21T12:41:23,4,906,906
907,14.5,1990-03-12T02:56:52,1,907,907
908,51.1,1992-01-17T00:43:24,1,908,908
909,76.9,2007-09-23T01:44:00,1,909,909
910,21.6,1979-05-29T10:34:00,4,910,910
911,27.7,2020-04-02T02:18:34,3,911,911
912,87.1,1972-10-21T17:30:38,5,912,912
913,4.2,2001-06-30T23:17:27,2,913,913
914,25.7,2002-04-12T00:07:08,4,914,914
915,29.0,2015-04-18T19:52:34,2,915,915
916,26.0,1992-05-17T20:38:05,3,916,916
917,73.4,1988-09-10T01:27:53,3,917,917
918,19.7,2005-01-25T06:08:25,1,918,918
919,25.1,1992-06-15T13:41:58,1,919,919
920,48.1,1993-03-09T08:35:52,3,920,920
921,72.0,2001-01-03T04:40:41,3,921,921
922,49.8,2009-10-20T04:40:05,1,922,922
923,84.6,1988-12-05T05:47:33,5,923,923
924,47.7,2014-12-30T14:02:18,1,924,924
925,66.3,1995-02-18T09:22:06,4,925,925
926,72.6,1970-01-07T18:05:21,3,926,926
927,99.9,1971-04-28T20:53:31,4,927,927
928,96.8,2015-10-11T19:53:55,5,928,928
929,39.0,2019-10-29T10:04:21,3,929,929
930,5.5,2005-10-03T22:07:28,4,930,930
931,44.7,1998-10-02T22:59:13,2,931,931
932,7.2,1999-02-01T07:27:35,4,932,932
933,81.2,2006-01-27T11:02:42,4,933,933
934,85.5,1979-02-22T10:20:28,4,934,934
935,19.9,2004-05-01T16:21:29,4,935,935
936,93.6,1986-04-17T00:59:28,4,936,936
937,76.4,2002-07-24T03:25:25,5,937,937
938,64.1,2003-04-02T07:21:48,4,938,938
939,79.9,2020-10-04T10:24:42,5,939,939
940,42.4,1970-10-21T05:33:49,5,940,940
941,77.6,1991-05-29T21:01:01,1,941,941
942,32.9,1977-08-23T22:41:50,4,942,942
943,48.8,1992-06-06T16:59:01,2,943,943
944,69.9,1994-01-12T04:31:49,2,944,944
945,94.1,1981-08-07T13:52:51,2,945,945
946,83.5,2022-03-30T04:05:29,1,946,946
947,56.7,1978-09-06T21:49:40,1,947,947
948,49.9,2003-01-21T11:06:05,3,948,948
949,3.8,2022-05-17T04:29:21,3,949,949
950,49.4,1975-09-11T16:54:22,4,950,950
951,36.5,1994-07-30T12:51:38,3,951,951
952,99.8,2016-11-17T18:41:34,4,952,952
953,22.2,2007-04-23T10:40:59,2,953,953
954,70.7,2000-10-25T18:54:47,1,954,954
955,53.2,2001-02-14T00:36:52,3,955,955
956,93.5,2018-10-26T03:02:41,2,956,956
957,23.9,2018-05-31T08:25:21,1,957,957
958,11.2,2021-10-07T18:44:01,4,958,958
959,17.2,2016-07-29T13:50:46,4,959,959
960,91.6,1987-10-10T14:59:37,4,960,960
961,89.4,1984-11-21T17:19:23,3,961,961
962,74.6,2001-03-17T16:06:26,2,962,962
963,90.8,1976-08-09T23:03:34,1,963,963
964,47.0,2016-02-14T07:15:10,5,964,964
965,31.0,1974-02-24T17:46:04,4,965,965
966,45.5,1980-02-13T03:16:35,2,966,966
967,81.8,2022-04-02T00:17:50,1,967,967
968,78.2,1982-06-10T16:32:27,4,968,968
969,41.6,1979-06-17T18:45:59,3,969,969
970,48.8,1990-04-16T09:26:43,5,970,970
971,93.0,2011-12-21T06:43:20,2,971,971
972,50.8,1995-09-12T06:52:59,2,972,972
973,36.0,1995-07-18T08:31:16,4,973,973
974,97.1,1978-06-29T08:04:07,2,974,974
975,94.2,2010-05-17T14:23:18,4,975,975
976,97.0,2012-07-12T14:52:55,4,976,976
977,64.4,2022-04-16T00:04:32,3,977,977
978,31.4,2014-12-13T12:04:17,5,978,978
979,66.8,1972-07-09T09:09:23,1,979,979
980,77.5,1970-04-20T21:20:09,3,980,980
981,53.0,2004-07-30T06:11:00,5,981,981
982,38.3,1988-10-05T01:12:28,1,982,982
983,48.8,1995-01-08T00:03:59,4,983,983
984,40.7,2018-07-05T00:30:57,3,984,984
985,42.5,2013-07-24T09:25:43,1,985,985
986,68.4,2014-05-02T00:39:09,2,986,986
987,9.1,2020-09-19T19:37:15,3,987,987
988,8.9,1983-05-15T15:50:54,2,988,988
989,11.9,1980-01-22T09:02:37,4,989,989
990,63.1,2022-01-13T21:00:00,4,990,990
991,99.5,2011-12-17T05:50:03,2,991,991
992,22.6,2008-02-11T22:23:18,1,992,992
993,35.2,1982-11-07T22:01:48,3,993,993
994,43.6,1976-07-14T22:15:06,2,994,994
995,4.0,2015-09-19T14:08:48,3,995,995
996,17.4,1983-12-03T02:49:58,1,996,996
997,56.8,1976-10-10T09:42:54,5,997,997
998,81.9,2021-04-15T20:40:25,1,998,998
999,11.7,2018-04-16T13:56:31,1,999,999
